;x;y
0;689;376
1;373;549
2;412;166
3;679;198
4;672;748
5;534;781
6;665;688
7;639;274
8;274;716
9;278;408
10;493;793
11;683;751
12;403;525
13;624;444
14;693;350
15;594;512
16;306;171
17;540;213
18;723;349
19;402;248
20;677;626
21;447;790
22;564;710
23;463;500
24;462;189
25;727;348
26;479;457
27;681;337
28;497;211
29;368;188
30;517;806
31;539;782
32;295;272
33;580;547
34;452;516
35;424;817
36;680;293
37;656;681
38;364;532
39;410;815
40;661;240
41;631;745
42;288;147
43;728;356
44;398;292
45;442;157
46;357;514
47;643;609
48;583;794
49;660;743
50;571;174
51;336;381
52;285;667
53;280;810
54;422;202
55;384;772
56;358;467
57;555;509
58;370;746
59;563;437
60;456;761
61;581;507
62;615;284
63;682;677
64;546;187
65;746;433
66;538;732
67;628;704
68;334;780
69;609;465
70;325;742
71;620;708
72;521;808
73;612;531
74;393;778
75;323;209
76;347;483
77;348;590
78;655;417
79;320;497
80;297;449
81;592;755
82;722;309
83;277;268
84;737;411
85;525;534
86;604;671
87;603;472
88;653;221
89;292;727
90;354;403
91;599;588
92;652;294
93;556;783
94;390;733
95;650;302
96;319;372
97;352;162
98;276;253
99;381;820
100;742;392
101;685;416
102;338;569
103;371;600
104;346;753
105;330;476
106;404;488
107;696;474
108;725;306
109;374;185
110;529;230
111;622;200
112;688;723
113;321;347
114;648;702
115;389;341
116;372;480
117;326;409
118;640;765
119;565;237
120;629;297
121;341;310
122;392;740
123;617;397
124;444;750
125;662;535
126;296;281
127;628;262
128;325;793
129;618;532
130;604;229
131;722;222
132;333;689
133;607;547
134;583;211
135;725;456
136;354;506
137;501;830
138;509;457
139;272;735
140;294;795
141;655;548
142;674;683
143;723;401
144;714;467
145;292;549
146;349;463
147;303;504
148;365;632
149;669;280
150;708;327
151;306;170
152;737;240
153;332;729
154;482;815
155;319;779
156;463;730
157;500;763
158;313;274
159;597;629
160;360;607
161;374;539
162;734;284
163;675;414
164;647;371
165;355;573
166;425;787
167;554;477
168;741;432
169;401;175
170;403;444
171;389;439
172;378;218
173;372;551
174;300;746
175;711;353
176;380;526
177;282;176
178;626;680
179;377;166
180;594;571
181;631;370
182;662;783
183;275;711
184;642;590
185;479;164
186;681;732
187;563;487
188;281;543
189;593;690
190;670;278
191;379;559
192;693;312
193;508;796
194;562;245
195;353;630
196;454;802
197;687;760
198;397;580
199;585;568
200;541;476
201;293;693
202;268;509
203;602;613
204;404;178
205;391;424
206;370;555
207;321;433
208;328;440
209;650;241
210;676;287
211;640;640
212;398;364
213;621;177
214;639;666
215;269;210
216;297;466
217;677;306
218;680;768
219;730;359
220;635;635
221;575;478
222;622;602
223;505;148
224;657;490
225;285;803
226;691;459
227;350;521
228;387;507
229;361;224
230;546;749
231;427;232
232;351;260
233;340;183
234;324;249
235;423;219
236;685;460
237;590;508
238;471;194
239;456;749
240;624;675
241;562;568
242;597;484
243;639;190
244;684;248
245;737;276
246;627;504
247;545;543
248;636;753
249;394;662
250;332;291
251;611;401
252;668;381
253;287;562
254;701;567
255;341;171
256;552;511
257;558;732
258;548;147
259;369;278
260;745;430
261;301;797
262;634;595
263;676;290
264;486;195
265;288;234
266;687;683
267;719;418
268;594;547
269;673;397
270;628;182
271;746;393
272;312;211
273;359;806
274;315;328
275;547;804
276;305;782
277;358;368
278;526;527
279;487;820
280;351;415
281;398;378
282;632;636
283;314;495
284;459;228
285;479;533
286;296;623
287;596;781
288;633;191
289;495;168
290;278;776
291;396;628
292;420;520
293;431;785
294;623;406
295;698;236
296;426;152
297;337;733
298;400;173
299;321;471
300;561;793
301;465;181
302;389;643
303;461;493
304;481;164
305;298;439
306;370;641
307;663;769
308;474;202
309;290;354
310;629;314
311;322;454
312;593;676
313;292;680
314;297;296
315;378;657
316;665;176
317;602;170
318;363;327
319;308;434
320;592;522
321;372;651
322;509;458
323;333;717
324;723;678
325;348;614
326;492;233
327;660;262
328;470;151
329;635;431
330;646;271
331;319;553
332;606;746
333;482;485
334;503;809
335;467;748
336;590;536
337;580;479
338;282;719
339;604;224
340;647;280
341;434;218
342;383;591
343;409;747
344;750;428
345;404;598
346;541;766
347;644;645
348;653;192
349;411;808
350;621;261
351;748;424
352;656;407
353;642;597
354;650;664
355;377;240
356;323;399
357;378;195
358;306;787
359;297;815
360;618;412
361;718;664
362;272;181
363;384;553
364;563;186
365;661;308
366;489;183
367;367;781
368;359;689
369;415;232
370;404;810
371;515;762
372;663;754
373;456;525
374;629;801
375;691;612
376;606;218
377;579;520
378;642;490
379;653;542
380;348;271
381;557;227
382;541;487
383;273;667
384;308;141
385;611;472
386;658;363
387;364;806
388;687;688
389;527;528
390;402;557
391;298;596
392;590;661
393;612;564
394;362;613
395;538;501
396;373;288
397;616;398
398;680;718
399;350;591
400;391;665
401;657;437
402;715;686
403;284;342
404;275;402
405;320;652
406;388;394
407;574;444
408;685;257
409;532;479
410;376;561
411;400;140
412;394;478
413;393;473
414;645;790
415;440;828
416;274;278
417;674;266
418;383;477
419;542;160
420;363;355
421;361;552
422;386;174
423;679;453
424;293;748
425;321;263
426;328;337
427;303;503
428;318;143
429;423;803
430;307;261
431;505;772
432;469;755
433;665;175
434;551;206
435;597;677
436;708;381
437;654;749
438;407;733
439;366;731
440;453;531
441;304;179
442;502;241
443;401;537
444;514;726
445;479;505
446;316;255
447;413;214
448;537;785
449;608;419
450;294;298
451;589;224
452;730;328
453;314;546
454;405;452
455;403;563
456;633;669
457;604;691
458;598;714
459;736;283
460;390;165
461;622;662
462;369;592
463;347;279
464;716;290
465;508;735
466;482;793
467;319;461
468;317;203
469;385;818
470;331;426
471;518;786
472;638;449
473;292;313
474;368;146
475;600;259
476;299;445
477;537;724
478;592;526
479;512;812
480;376;775
481;371;755
482;282;566
483;375;582
484;358;148
485;669;725
486;456;230
487;650;623
488;308;752
489;349;515
490;621;696
491;709;452
492;550;170
493;404;265
494;388;332
495;606;659
496;672;735
497;675;731
498;325;373
499;511;234
500;561;191
501;485;762
502;483;467
503;591;802
504;384;707
505;299;720
506;525;513
507;326;606
508;631;363
509;586;714
510;699;404
511;317;394
512;748;400
513;616;392
514;291;688
515;665;224
516;476;813
517;545;729
518;337;396
519;651;669
520;310;829
521;330;319
522;385;312
523;706;444
524;713;273
525;400;706
526;763;391
527;636;657
528;302;737
529;459;453
530;503;732
531;646;289
532;278;412
533;674;633
534;407;457
535;614;264
536;611;152
537;657;462
538;499;164
539;370;477
540;374;441
541;596;599
542;397;243
543;667;622
544;328;437
545;449;502
546;590;464
547;364;411
548;478;820
549;750;427
550;284;667
551;314;434
552;335;789
553;661;486
554;599;430
555;659;661
556;394;139
557;381;367
558;521;748
559;315;369
560;670;468
561;528;226
562;293;271
563;387;810
564;383;708
565;471;141
566;380;586
567;612;291
568;520;809
569;272;658
570;352;677
571;378;525
572;295;698
573;560;758
574;393;252
575;307;347
576;626;268
577;437;176
578;361;448
579;620;546
580;424;830
581;517;541
582;458;743
583;712;648
584;301;583
585;509;145
586;671;751
587;271;579
588;491;237
589;396;318
590;629;774
591;594;641
592;627;342
593;452;455
594;685;344
595;474;527
596;715;401
597;385;438
598;626;454
599;604;504
600;620;291
601;524;475
602;294;821
603;690;478
604;417;820
605;638;167
606;326;669
607;629;507
608;397;367
609;301;787
610;493;728
611;373;758
612;322;160
613;305;323
614;308;624
615;292;390
616;300;457
617;291;148
618;743;370
619;282;369
620;553;194
621;327;538
622;293;666
623;316;535
624;287;652
625;642;213
626;605;612
627;633;277
628;667;550
629;665;481
630;560;232
631;302;288
632;652;447
633;621;618
634;619;734
635;548;247
636;679;417
637;534;735
638;313;604
639;717;657
640;597;512
641;341;692
642;596;424
643;335;584
644;390;400
645;437;783
646;379;592
647;366;246
648;494;142
649;286;571
650;540;763
651;389;645
652;716;455
653;270;387
654;356;781
655;485;471
656;656;759
657;686;362
658;384;827
659;599;511
660;476;812
661;368;233
662;399;673
663;693;385
664;628;497
665;736;250
666;336;384
667;531;791
668;484;458
669;367;215
670;761;295
671;618;789
672;375;396
673;697;214
674;646;797
675;285;341
676;321;219
677;349;828
678;299;249
679;329;372
680;640;269
681;328;441
682;677;661
683;386;700
684;490;146
685;709;313
686;268;778
687;488;825
688;763;324
689;269;406
690;711;453
691;360;632
692;634;198
693;354;253
694;464;192
695;279;161
696;352;557
697;331;793
698;645;248
699;342;782
700;376;463
701;616;749
702;353;691
703;624;230
704;352;750
705;500;475
706;307;662
707;269;414
708;297;665
709;357;321
710;283;248
711;302;548
712;435;503
713;515;801
714;459;739
715;281;356
716;308;529
717;638;554
718;324;664
719;641;689
720;289;347
721;504;524
722;529;154
723;381;401
724;691;715
725;370;711
726;350;403
727;672;360
728;393;214
729;540;502
730;567;760
731;407;773
732;335;480
733;650;283
734;675;415
735;476;460
736;320;215
737;384;185
738;508;180
739;628;171
740;704;290
741;521;155
742;305;476
743;413;805
744;739;409
745;341;258
746;291;249
747;360;293
748;290;348
749;513;459
750;387;297
751;587;229
752;676;673
753;474;778
754;282;558
755;725;265
756;678;188
757;705;593
758;643;447
759;595;704
760;318;688
761;275;444
762;657;407
763;618;406
764;334;182
765;547;777
766;642;535
767;412;780
768;573;173
769;621;772
770;690;247
771;570;216
772;425;164
773;452;782
774;382;197
775;333;714
776;700;362
777;353;528
778;571;550
779;666;267
780;714;448
781;622;537
782;376;329
783;301;226
784;339;160
785;475;473
786;329;706
787;323;385
788;280;676
789;286;282
790;737;266
791;294;217
792;662;383
793;379;501
794;351;405
795;284;811
796;712;438
797;574;442
798;493;747
799;699;252
800;552;232
801;479;443
802;546;792
803;631;470
804;354;261
805;293;483
806;276;586
807;610;490
808;340;205
809;374;436
810;363;177
811;597;200
812;344;386
813;372;428
814;626;466
815;623;686
816;536;218
817;345;643
818;600;649
819;444;174
820;378;743
821;390;630
822;311;425
823;327;231
824;501;500
825;582;489
826;695;326
827;315;587
828;488;227
829;638;246
830;711;286
831;523;149
832;709;261
833;328;524
834;615;548
835;287;678
836;441;727
837;312;816
838;612;597
839;449;766
840;641;398
841;468;479
842;608;778
843;303;613
844;660;189
845;672;203
846;277;414
847;656;488
848;401;464
849;534;531
850;643;566
851;684;646
852;609;798
853;726;459
854;319;148
855;299;810
856;610;811
857;746;271
858;699;434
859;703;595
860;329;150
861;567;532
862;332;725
863;664;461
864;625;471
865;270;401
866;750;382
867;673;399
868;353;499
869;712;317
870;336;714
871;288;223
872;747;254
873;539;470
874;347;210
875;538;512
876;632;698
877;745;426
878;651;687
879;345;258
880;362;609
881;274;740
882;384;232
883;275;686
884;397;441
885;286;475
886;278;817
887;337;283
888;373;683
889;618;508
890;614;453
891;680;335
892;561;543
893;550;806
894;291;801
895;667;478
896;393;405
897;555;465
898;647;614
899;356;169
900;685;235
901;307;745
902;455;818
903;352;205
904;670;243
905;607;411
906;479;147
907;399;422
908;420;732
909;297;349
910;383;672
911;398;602
912;342;351
913;716;463
914;344;781
915;364;570
916;282;200
917;391;674
918;719;219
919;624;372
920;691;424
921;470;501
922;372;591
923;395;268
924;273;670
925;497;141
926;602;768
927;627;433
928;343;346
929;360;220
930;374;585
931;354;191
932;405;791
933;640;509
934;537;183
935;392;409
936;284;670
937;293;357
938;540;733
939;597;497
940;336;721
941;558;439
942;744;355
943;596;426
944;341;386
945;668;485
946;633;465
947;555;808
948;396;634
949;397;410
950;272;401
951;727;226
952;352;330
953;380;735
954;305;545
955;493;496
956;335;819
957;656;436
958;393;454
959;348;370
960;333;787
961;386;398
962;488;479
963;278;540
964;302;431
965;626;178
966;309;584
967;388;378
968;320;460
969;342;618
970;688;238
971;667;756
972;326;191
973;741;239
974;609;587
975;602;448
976;315;547
977;394;288
978;613;561
979;288;292
980;285;484
981;279;314
982;681;575
983;529;802
984;546;452
985;479;220
986;599;449
987;634;712
988;324;195
989;427;198
990;299;225
991;351;250
992;327;684
993;313;778
994;544;476
995;712;333
996;536;546
997;434;501
998;343;150
999;505;505
1000;610;567
1001;319;217
1002;591;147
1003;295;579
1004;638;585
1005;556;554
1006;588;715
1007;321;221
1008;436;508
1009;362;344
1010;567;770
1011;717;236
1012;520;759
1013;631;557
1014;306;260
1015;444;537
1016;616;674
1017;433;163
1018;297;367
1019;300;548
1020;708;360
1021;672;285
1022;375;416
1023;294;240
1024;268;657
1025;409;520
1026;376;442
1027;636;801
1028;399;614
1029;430;745
1030;311;151
1031;497;169
1032;458;141
1033;559;209
1034;390;481
1035;641;263
1036;395;372
1037;607;695
1038;473;765
1039;273;788
1040;639;432
1041;543;204
1042;408;758
1043;707;366
1044;385;591
1045;489;208
1046;665;572
1047;742;293
1048;410;212
1049;356;413
1050;428;761
1051;549;192
1052;697;274
1053;432;531
1054;274;491
1055;673;206
1056;681;431
1057;518;530
1058;386;342
1059;279;540
1060;349;261
1061;330;366
1062;456;210
1063;761;336
1064;578;561
1065;715;710
1066;702;581
1067;476;187
1068;639;259
1069;659;349
1070;376;444
1071;383;696
1072;346;697
1073;499;212
1074;381;685
1075;347;258
1076;271;684
1077;691;688
1078;317;325
1079;571;193
1080;666;224
1081;322;229
1082;723;269
1083;627;744
1084;714;389
1085;547;463
1086;486;144
1087;530;174
1088;406;740
1089;637;241
1090;341;181
1091;404;669
1092;460;524
1093;562;779
1094;350;399
1095;308;655
1096;662;434
1097;345;665
1098;640;630
1099;703;313
1100;354;350
1101;705;286
1102;393;180
1103;356;643
1104;339;706
1105;572;488
1106;396;196
1107;370;634
1108;560;737
1109;314;421
1110;269;348
1111;287;440
1112;651;590
1113;432;242
1114;591;555
1115;679;700
1116;333;690
1117;620;798
1118;292;487
1119;602;507
1120;464;171
1121;644;612
1122;617;771
1123;690;558
1124;712;646
1125;305;827
1126;411;452
1127;670;272
1128;541;521
1129;539;158
1130;758;361
1131;630;312
1132;584;480
1133;418;165
1134;682;625
1135;552;533
1136;478;789
1137;675;549
1138;485;159
1139;660;234
1140;588;761
1141;293;381
1142;692;225
1143;631;756
1144;371;238
1145;635;687
1146;399;782
1147;618;274
1148;596;226
1149;326;368
1150;338;430
1151;527;138
1152;563;243
1153;600;232
1154;403;279
1155;554;768
1156;299;514
1157;676;717
1158;334;206
1159;664;680
1160;564;766
1161;273;461
1162;300;315
1163;496;813
1164;431;506
1165;508;728
1166;379;175
1167;678;689
1168;294;492
1169;489;200
1170;380;150
1171;595;773
1172;658;585
1173;283;792
1174;684;291
1175;533;464
1176;559;731
1177;388;395
1178;397;441
1179;558;203
1180;352;811
1181;647;471
1182;671;546
1183;401;502
1184;599;477
1185;636;265
1186;568;548
1187;544;510
1188;1234;781
1189;1196;561
1190;1141;273
1191;1203;374
1192;1193;793
1193;1228;251
1194;1218;573
1195;1240;213
1196;1130;553
1197;1178;325
1198;1147;790
1199;1264;710
1200;1163;500
1201;1162;189
1202;1179;457
1203;1197;211
1204;1217;806
1205;1239;782
1206;1152;516
1207;1269;343
1208;1142;157
1209;1176;687
1210;1251;378
1211;1255;509
1212;1263;437
1213;1156;761
1214;1134;319
1215;1246;187
1216;1238;732
1217;1221;808
1218;1138;670
1219;1260;642
1220;1145;606
1221;1183;307
1222;1235;627
1223;1225;534
1224;1256;783
1225;1139;633
1226;1262;379
1227;1154;290
1228;1161;424
1229;1182;355
1230;1222;246
1231;1229;230
1232;1190;623
1233;1265;237
1234;1233;669
1235;1144;750
1236;1226;285
1237;1218;263
1238;1201;830
1239;1209;457
1240;1145;567
1241;1217;586
1242;1186;300
1243;1213;261
1244;1139;253
1245;1135;418
1246;1146;550
1247;1182;815
1248;1163;730
1249;1200;763
1250;1148;411
1251;1174;254
1252;1253;379
1253;1197;434
1254;1254;477
1255;1191;697
1256;1234;266
1257;1199;665
1258;1210;247
1259;1179;164
1260;1266;698
1261;1263;487
1262;1198;381
1263;1187;415
1264;1208;796
1265;1262;245
1266;1154;802
1267;1194;653
1268;1241;476
1269;1225;585
1270;1223;398
1271;1173;390
1272;1244;332
1273;1205;148
1274;1164;650
1275;1147;558
1276;1215;669
1277;1246;749
1278;1238;349
1279;1171;194
1280;1156;749
1281;1262;568
1282;1184;329
1283;1149;699
1284;1245;543
1285;1176;652
1286;1217;315
1287;1252;511
1288;1258;732
1289;1248;147
1290;1251;700
1291;1213;432
1292;1186;195
1293;1141;655
1294;1227;268
1295;1239;303
1296;1247;804
1297;1226;527
1298;1232;701
1299;1187;820
1300;1159;228
1301;1179;533
1302;1197;375
1303;1195;168
1304;1131;785
1305;1130;405
1306;1261;793
1307;1165;181
1308;1161;493
1309;1181;164
1310;1224;340
1311;1166;585
1312;1174;202
1313;1158;633
1314;1201;604
1315;1209;458
1316;1162;575
1317;1192;233
1318;1170;151
1319;1259;696
1320;1182;485
1321;1203;809
1322;1167;748
1323;1190;441
1324;1134;218
1325;1145;300
1326;1154;414
1327;1241;766
1328;1268;293
1329;1139;349
1330;1153;384
1331;1263;186
1332;1189;183
1333;1165;659
1334;1184;576
1335;1215;762
1336;1156;525
1337;1257;227
1338;1241;487
1339;1161;390
1340;1209;335
1341;1233;641
1342;1227;528
1343;1180;635
1344;1149;725
1345;1238;501
1346;1213;649
1347;1164;269
1348;1236;350
1349;1232;479
1350;1248;694
1351;1242;160
1352;1190;660
1353;1204;327
1354;1198;567
1355;1255;587
1356;1200;695
1357;1224;348
1358;1205;772
1359;1169;755
1360;1251;206
1361;1153;531
1362;1202;241
1363;1214;726
1364;1179;505
1365;1237;785
1366;1220;622
1367;1167;724
1368;1208;735
1369;1182;793
1370;1217;678
1371;1211;671
1372;1218;786
1373;1157;620
1374;1170;637
1375;1222;581
1376;1237;724
1377;1131;442
1378;1134;399
1379;1212;812
1380;1193;414
1381;1156;230
1382;1214;436
1383;1231;552
1384;1250;170
1385;1257;287
1386;1226;647
1387;1211;234
1388;1166;408
1389;1261;191
1390;1185;762
1391;1183;467
1392;1186;353
1393;1195;325
1394;1225;513
1395;1162;588
1396;1176;813
1397;1245;729
1398;1219;386
1399;1249;428
1400;1241;563
1401;1150;424
1402;1244;263
1403;1159;453
1404;1157;722
1405;1203;732
1406;1205;585
1407;1161;388
1408;1199;164
1409;1236;664
1410;1213;548
1411;1149;502
1412;1139;393
1413;1178;820
1414;1266;362
1415;1221;748
1416;1228;226
1417;1198;316
1418;1267;385
1419;1171;141
1420;1220;809
1421;1246;655
1422;1260;758
1423;1137;176
1424;1215;718
1425;1217;541
1426;1158;743
1427;1209;145
1428;1191;237
1429;1248;351
1430;1152;455
1431;1142;687
1432;1174;527
1433;1152;715
1434;1189;434
1435;1266;333
1436;1224;475
1437;1198;355
1438;1166;668
1439;1193;728
1440;1132;598
1441;1165;359
1442;1253;194
1443;1247;315
1444;1244;371
1445;1233;685
1446;1260;232
1447;1133;695
1448;1178;392
1449;1243;654
1450;1248;247
1451;1234;735
1452;1200;373
1453;1237;388
1454;1209;377
1455;1137;783
1456;1194;142
1457;1240;763
1458;1151;285
1459;1202;412
1460;1136;703
1461;1183;391
1462;1225;613
1463;1185;471
1464;1159;702
1465;1176;812
1466;1181;622
1467;1229;344
1468;1157;634
1469;1205;565
1470;1231;791
1471;1184;458
1472;1269;413
1473;1190;146
1474;1188;825
1475;1168;349
1476;1268;688
1477;1258;308
1478;1134;623
1479;1238;641
1480;1164;192
1481;1215;560
1482;1242;282
1483;1223;664
1484;1200;475
1485;1142;636
1486;1228;341
1487;1183;657
1488;1135;503
1489;1215;801
1490;1165;303
1491;1159;739
1492;1134;663
1493;1204;524
1494;1229;154
1495;1169;412
1496;1240;502
1497;1267;760
1498;1131;276
1499;1265;355
1500;1153;441
1501;1133;656
1502;1176;460
1503;1208;180
1504;1221;155
1505;1167;560
1506;1185;677
1507;1201;671
1508;1197;707
1509;1132;350
1510;1213;459
1511;1232;599
1512;1174;778
1513;1224;685
1514;1247;777
1515;1139;720
1516;1160;598
1517;1152;782
1518;1212;340
1519;1207;604
1520;1175;473
1521;1235;587
1522;1193;747
1523;1252;232
1524;1179;443
1525;1246;792
1526;1137;687
1527;1236;218
1528;1144;174
1529;1237;611
1530;1201;500
1531;1188;227
1532;1153;562
1533;1223;149
1534;1141;727
1535;1137;697
1536;1149;766
1537;1193;608
1538;1194;331
1539;1174;378
1540;1168;479
1541;1219;564
1542;1234;531
1543;1257;357
1544;1182;303
1545;1204;304
1546;1178;288
1547;1264;269
1548;1267;532
1549;1258;418
1550;1222;255
1551;1157;310
1552;1239;470
1553;1175;658
1554;1238;512
1555;1156;285
1556;1261;543
1557;1250;806
1558;1255;465
1559;1229;584
1560;1218;632
1561;1135;726
1562;1155;818
1563;1179;147
1564;1199;253
1565;1233;313
1566;1170;501
1567;1197;141
1568;1143;652
1569;1237;183
1570;1215;309
1571;1240;733
1572;1258;439
1573;1255;808
1574;1193;496
1575;1262;423
1576;1187;658
1577;1166;635
1578;1177;361
1579;1188;479
1580;1217;246
1581;1184;326
1582;1194;692
1583;1263;392
1584;1131;592
1585;1140;248
1586;1167;645
1587;1211;324
1588;1229;802
1589;1246;452
1590;1179;220
1591;1146;261
1592;1219;669
1593;1203;403
1594;1244;476
1595;1242;665
1596;1236;546
1597;1134;501
1598;1205;505
1599;1256;554
1600;1191;621
1601;1136;508
1602;1267;770
1603;1221;271
1604;1220;759
1605;1232;335
1606;1209;656
1607;1144;537
1608;1133;163
1609;1145;245
1610;1235;322
1611;1226;135
1612;1130;745
1613;1185;428
1614;1197;169
1615;1158;141
1616;1259;209
1617;1160;613
1618;1173;765
1619;1216;412
1620;1243;204
1621;1189;208
1622;1249;192
1623;1132;531
1624;1140;715
1625;1218;530
1626;1156;210
1627;1130;382
1628;1191;579
1629;1181;645
1630;1139;673
1631;1176;187
1632;1134;644
1633;1214;588
1634;1199;212
1635;1228;620
1636;1247;463
1637;1154;621
1638;1186;144
1639;1230;174
1640;1160;524
1641;1262;779
1642;1248;367
1643;1129;309
1644;1236;337
1645;1260;737
1646;1132;242
1647;1150;584
1648;1164;171
1649;1241;521
1650;1239;158
1651;1194;285
1652;1252;533
1653;1178;789
1654;1185;159
1655;1183;323
1656;1179;583
1657;1135;575
1658;1227;138
1659;1234;666
1660;1263;243
1661;1188;364
1662;1210;302
1663;1254;768
1664;1151;330
1665;1264;766
1666;1269;299
1667;1196;813
1668;1131;506
1669;1208;728
1670;1229;681
1671;1147;300
1672;1189;200
1673;1233;464
1674;1231;637
1675;1259;731
1676;1148;310
1677;1258;203
1678;1197;371
1679;1268;548
1680;1244;510
1681;2089;376
1682;1773;549
1683;2079;198
1684;2094;168
1685;2072;748
1686;1934;781
1687;2065;688
1688;2039;274
1689;1674;716
1690;1678;408
1691;1667;312
1692;1893;793
1693;2083;751
1694;1803;525
1695;2024;444
1696;2093;350
1697;1994;512
1698;1706;171
1699;1802;248
1700;2077;626
1701;2084;779
1702;1847;790
1703;1964;710
1704;1863;500
1705;1879;457
1706;2081;337
1707;1768;188
1708;1917;806
1709;1939;782
1710;2130;665
1711;1695;272
1712;1980;547
1713;1852;516
1714;1824;817
1715;2080;293
1716;2056;681
1717;1764;532
1718;1989;413
1719;1810;815
1720;1969;343
1721;2061;240
1722;2031;745
1723;1688;147
1724;1798;292
1725;1991;404
1726;1757;514
1727;2043;609
1728;1951;378
1729;1814;426
1730;1983;794
1731;2060;743
1732;1736;381
1733;1685;667
1734;1680;810
1735;1784;772
1736;2135;630
1737;1758;467
1738;1955;509
1739;1770;746
1740;1963;437
1741;1979;339
1742;1856;761
1743;1981;507
1744;2015;284
1745;2082;677
1746;1938;732
1747;2028;704
1748;1734;780
1749;2009;465
1750;1725;742
1751;2020;708
1752;1921;808
1753;2012;531
1754;1793;778
1755;1723;209
1756;1747;483
1757;1748;590
1758;2055;417
1759;1720;497
1760;1697;449
1761;1992;755
1762;1677;268
1763;2004;671
1764;2003;472
1765;2053;221
1766;1692;727
1767;1754;403
1768;1999;588
1769;2052;294
1770;2133;205
1771;1956;783
1772;1790;733
1773;2050;302
1774;1962;379
1775;2090;142
1776;1719;372
1777;1752;162
1778;1676;253
1779;1781;820
1780;2139;161
1781;2111;560
1782;1861;424
1783;2120;163
1784;1738;569
1785;1771;600
1786;1746;753
1787;1730;476
1788;1804;488
1789;2129;212
1790;1805;287
1791;1774;185
1792;2022;200
1793;2088;723
1794;1721;347
1795;2048;702
1796;1789;341
1797;1772;480
1798;1726;409
1799;2040;765
1800;2029;297
1801;1741;310
1802;1792;740
1803;2017;397
1804;1844;750
1805;1986;388
1806;2062;535
1807;1696;281
1808;2028;262
1809;1725;793
1810;2010;305
1811;2018;532
1812;2004;229
1813;2122;222
1814;1733;689
1815;2133;174
1816;1976;356
1817;2007;547
1818;1754;506
1819;1901;830
1820;1909;457
1821;1672;735
1822;1694;795
1823;2055;548
1824;2074;683
1825;1996;402
1826;1977;309
1827;1692;549
1828;2138;668
1829;1987;281
1830;1749;463
1831;1703;504
1832;1765;632
1833;2069;280
1834;2108;327
1835;1706;170
1836;2137;240
1837;1732;729
1838;1882;815
1839;1719;779
1840;1863;730
1841;1900;763
1842;1713;274
1843;1760;607
1844;1774;539
1845;2047;371
1846;1953;379
1847;1897;434
1848;2100;561
1849;1755;573
1850;1825;787
1851;1954;477
1852;1801;175
1853;2094;149
1854;1803;444
1855;1789;439
1856;1778;218
1857;1772;551
1858;1700;746
1859;1780;526
1860;1682;176
1861;2026;680
1862;1777;166
1863;1994;571
1864;2031;370
1865;2062;783
1866;1675;711
1867;2042;590
1868;2081;732
1869;1963;487
1870;1681;543
1871;1993;690
1872;2070;278
1873;1779;559
1874;2093;312
1875;1908;796
1876;1753;630
1877;1854;802
1878;2087;760
1879;1797;580
1880;1985;568
1881;1941;476
1882;1693;693
1883;1668;509
1884;2002;613
1885;1804;178
1886;1923;398
1887;1791;424
1888;1770;555
1889;1721;433
1890;1728;440
1891;2050;241
1892;2076;287
1893;2040;640
1894;1798;364
1895;2132;588
1896;2039;666
1897;1669;210
1898;1697;466
1899;2077;306
1900;2080;768
1901;2035;635
1902;2115;168
1903;1975;478
1904;2022;602
1905;2057;490
1906;1685;803
1907;2139;146
1908;1750;521
1909;1787;507
1910;1761;224
1911;1946;749
1912;1751;260
1913;2113;557
1914;1740;183
1915;1724;249
1916;1990;508
1917;1856;749
1918;2024;675
1919;1997;484
1920;2039;190
1921;2084;248
1922;2027;504
1923;1667;582
1924;2036;753
1925;1794;662
1926;1732;291
1927;2105;148
1928;2011;401
1929;2068;381
1930;1687;562
1931;2101;567
1932;1741;171
1933;1952;511
1934;1958;732
1935;1769;278
1936;1913;432
1937;1701;797
1938;2034;595
1939;2076;290
1940;1688;234
1941;2087;683
1942;1994;547
1943;2073;397
1944;2157;209
1945;2028;182
1946;1712;211
1947;1759;806
1948;1715;328
1949;1947;804
1950;1705;782
1951;1758;368
1952;1926;527
1953;2147;207
1954;1887;820
1955;1751;415
1956;1798;378
1957;2032;636
1958;1714;495
1959;1696;623
1960;1996;781
1961;2033;191
1962;1678;776
1963;1796;628
1964;1820;520
1965;1831;785
1966;2023;406
1967;2098;236
1968;1737;733
1969;1800;173
1970;2131;565
1971;1721;471
1972;1961;793
1973;2128;632
1974;1789;643
1975;1861;493
1976;1698;439
1977;1770;641
1978;2063;769
1979;1690;354
1980;2029;314
1981;1722;454
1982;1993;676
1983;1692;680
1984;2135;579
1985;1697;296
1986;1778;657
1987;2065;176
1988;1763;327
1989;1708;434
1990;1992;522
1991;1772;651
1992;1909;458
1993;1733;717
1994;2123;678
1995;1748;614
1996;2060;262
1997;2035;431
1998;2046;271
1999;1719;553
2000;2006;746
2001;1882;485
2002;1903;809
2003;1867;748
2004;1990;536
2005;1980;479
2006;1682;719
2007;2004;224
2008;1890;441
2009;2047;280
2010;1817;427
2011;1783;591
2012;2022;344
2013;1809;747
2014;1804;598
2015;1941;766
2016;2044;645
2017;2053;192
2018;1811;808
2019;2021;261
2020;2056;407
2021;2042;597
2022;2050;664
2023;1777;240
2024;1723;399
2025;1778;195
2026;1706;787
2027;1697;815
2028;2018;412
2029;2118;664
2030;1672;181
2031;1784;553
2032;2061;308
2033;1767;781
2034;1759;689
2035;1804;810
2036;1915;762
2037;2063;754
2038;1856;525
2039;2029;801
2040;2110;153
2041;2091;612
2042;2006;218
2043;1979;520
2044;2042;490
2045;2053;542
2046;1748;271
2047;1941;487
2048;1673;667
2049;1708;141
2050;2011;472
2051;2058;363
2052;2149;176
2053;1764;806
2054;2087;688
2055;1927;528
2056;1802;557
2057;1849;725
2058;1698;596
2059;2012;564
2060;1762;613
2061;1938;501
2062;1773;288
2063;2016;398
2064;2080;718
2065;1750;591
2066;1791;665
2067;2115;686
2068;1684;342
2069;2062;148
2070;1675;402
2071;1720;652
2072;1788;394
2073;1974;444
2074;2085;257
2075;1932;479
2076;1776;561
2077;1794;478
2078;1793;473
2079;2045;790
2080;1840;828
2081;1674;278
2082;2074;266
2083;1783;477
2084;1763;355
2085;1761;552
2086;1786;174
2087;1693;748
2088;1721;263
2089;1728;337
2090;1703;503
2091;1718;143
2092;1823;803
2093;1707;261
2094;1905;772
2095;1869;755
2096;2065;175
2097;1997;677
2098;2054;749
2099;1807;733
2100;1766;731
2101;1704;179
2102;1801;537
2103;1914;726
2104;1879;505
2105;1716;255
2106;1937;785
2107;2008;419
2108;1694;298
2109;2129;640
2110;1714;546
2111;1805;452
2112;1806;582
2113;1803;563
2114;2033;669
2115;2004;691
2116;1667;684
2117;1998;714
2118;1790;165
2119;2022;662
2120;1769;592
2121;1747;279
2122;2116;290
2123;1908;735
2124;1882;793
2125;1719;461
2126;1717;203
2127;1785;818
2128;1731;426
2129;1918;786
2130;1692;313
2131;1768;146
2132;2156;155
2133;2000;259
2134;1699;445
2135;1937;724
2136;2105;750
2137;1831;442
2138;2044;803
2139;1992;526
2140;2120;596
2141;1912;812
2142;1820;426
2143;1893;414
2144;1776;775
2145;1771;755
2146;1682;566
2147;1775;582
2148;1758;148
2149;2069;725
2150;1914;436
2151;2050;623
2152;1708;752
2153;1749;515
2154;2021;696
2155;1804;265
2156;1788;332
2157;2006;659
2158;2072;735
2159;2075;731
2160;1725;373
2161;1885;762
2162;1883;467
2163;1991;802
2164;1784;707
2165;1699;720
2166;1925;513
2167;1726;606
2168;2031;363
2169;1986;714
2170;1717;394
2171;2016;392
2172;1691;688
2173;2065;224
2174;1876;813
2175;1945;729
2176;1737;396
2177;2051;669
2178;1710;829
2179;1730;319
2180;1785;312
2181;1949;428
2182;2113;273
2183;1800;706
2184;2036;657
2185;1850;424
2186;1702;737
2187;1859;453
2188;2101;542
2189;1903;732
2190;2046;289
2191;1678;412
2192;2074;633
2193;1807;457
2194;2014;264
2195;1770;477
2196;1774;441
2197;1797;243
2198;1980;284
2199;2067;622
2200;1728;437
2201;1849;502
2202;1990;464
2203;1764;411
2204;1878;820
2205;1684;667
2206;1714;434
2207;2171;140
2208;1735;789
2209;1667;221
2210;2061;486
2211;1966;362
2212;1999;430
2213;2139;180
2214;2143;185
2215;2059;661
2216;1781;367
2217;1921;748
2218;1715;369
2219;2151;209
2220;1967;385
2221;1693;271
2222;1787;810
2223;1783;708
2224;2141;654
2225;1780;586
2226;2012;291
2227;1920;809
2228;1672;658
2229;1752;677
2230;1778;525
2231;1695;698
2232;1960;758
2233;1793;252
2234;1707;347
2235;2026;268
2236;1761;448
2237;2020;546
2238;1824;830
2239;1858;743
2240;2112;648
2241;1701;583
2242;2071;751
2243;1671;579
2244;1796;318
2245;2029;774
2246;2008;383
2247;2076;500
2248;2027;342
2249;1852;455
2250;2085;344
2251;1889;434
2252;1785;438
2253;1966;333
2254;2004;504
2255;2020;291
2256;1924;475
2257;1694;821
2258;1817;820
2259;2038;167
2260;1726;669
2261;2029;507
2262;1797;367
2263;1701;787
2264;1893;728
2265;1773;758
2266;1722;160
2267;1705;323
2268;1708;624
2269;1692;390
2270;1700;457
2271;1691;148
2272;1682;369
2273;1727;538
2274;1693;666
2275;1716;535
2276;1687;652
2277;2042;213
2278;2005;612
2279;2033;277
2280;1944;371
2281;2057;165
2282;2067;550
2283;1702;288
2284;2088;168
2285;1995;397
2286;2021;618
2287;2019;734
2288;1934;735
2289;1805;725
2290;1937;388
2291;1713;604
2292;2117;657
2293;1997;512
2294;1810;425
2295;1741;692
2296;1996;424
2297;1735;584
2298;1790;400
2299;1837;783
2300;1980;823
2301;1779;592
2302;1766;246
2303;1686;571
2304;1940;763
2305;1789;645
2306;1902;412
2307;1670;387
2308;1756;781
2309;2010;293
2310;1885;471
2311;2056;759
2312;2086;362
2313;2166;187
2314;1784;827
2315;1999;511
2316;1876;812
2317;1768;233
2318;2075;509
2319;1799;673
2320;2101;190
2321;2028;497
2322;2136;250
2323;1736;384
2324;1931;791
2325;1884;458
2326;1767;215
2327;2018;789
2328;1775;396
2329;2097;214
2330;2046;797
2331;1685;341
2332;1721;219
2333;1749;828
2334;1699;249
2335;1729;372
2336;2040;269
2337;1728;441
2338;2120;573
2339;1969;413
2340;2077;661
2341;1786;700
2342;2109;313
2343;1668;778
2344;1888;825
2345;1669;406
2346;1760;632
2347;2034;198
2348;1754;253
2349;1987;393
2350;1679;161
2351;1752;557
2352;1731;793
2353;2045;248
2354;1742;782
2355;1776;463
2356;2016;749
2357;2128;707
2358;1753;691
2359;2119;139
2360;2024;230
2361;1752;750
2362;1900;475
2363;1707;662
2364;1669;414
2365;1697;665
2366;1757;321
2367;1683;248
2368;1702;548
2369;1991;395
2370;1835;503
2371;1915;801
2372;1859;739
2373;1681;356
2374;1708;529
2375;2059;144
2376;2038;554
2377;1724;664
2378;2041;689
2379;1689;347
2380;1904;524
2381;1781;401
2382;2091;715
2383;1770;711
2384;1750;403
2385;2009;378
2386;2020;313
2387;2072;360
2388;1793;214
2389;1940;502
2390;1967;760
2391;1807;773
2392;1965;355
2393;1853;441
2394;1735;480
2395;2050;283
2396;2143;223
2397;1876;460
2398;1720;215
2399;1784;185
2400;2058;517
2401;2028;171
2402;2104;290
2403;1705;476
2404;1813;805
2405;2011;327
2406;1741;258
2407;2118;590
2408;1691;249
2409;2121;601
2410;1760;293
2411;1690;348
2412;1913;459
2413;1787;297
2414;2076;673
2415;1874;778
2416;1682;558
2417;2125;265
2418;2124;159
2419;2078;188
2420;2105;593
2421;1995;704
2422;1718;688
2423;1675;444
2424;2057;407
2425;2018;406
2426;1734;182
2427;1947;777
2428;2042;535
2429;1812;780
2430;2021;772
2431;2090;247
2432;1852;782
2433;1782;197
2434;1733;714
2435;2144;202
2436;1753;528
2437;1971;550
2438;2066;267
2439;2022;537
2440;1776;329
2441;1701;226
2442;1739;160
2443;1875;473
2444;1729;706
2445;1723;385
2446;1680;676
2447;1686;282
2448;2137;266
2449;1694;217
2450;2062;383
2451;1779;501
2452;2013;310
2453;1751;405
2454;1684;811
2455;1974;442
2456;1893;747
2457;2099;252
2458;1879;443
2459;1946;792
2460;2031;470
2461;1754;261
2462;1693;483
2463;1676;586
2464;2010;490
2465;1740;205
2466;1774;436
2467;1763;177
2468;2106;198
2469;1744;386
2470;1772;428
2471;2023;686
2472;1745;643
2473;2000;649
2474;1778;743
2475;1790;630
2476;1711;425
2477;1727;231
2478;1901;500
2479;1982;489
2480;2095;326
2481;1715;587
2482;2038;246
2483;2111;286
2484;2109;261
2485;1728;524
2486;2015;548
2487;1687;678
2488;1841;727
2489;1712;816
2490;2012;597
2491;1849;766
2492;2041;398
2493;1868;479
2494;2008;778
2495;1703;613
2496;2060;189
2497;2072;203
2498;1677;414
2499;2056;488
2500;1801;464
2501;1934;531
2502;2043;566
2503;2084;646
2504;1957;357
2505;2009;798
2506;1998;290
2507;1719;148
2508;1999;319
2509;1699;810
2510;2010;811
2511;1805;618
2512;2103;595
2513;1729;150
2514;1967;532
2515;1732;725
2516;2025;471
2517;1958;418
2518;1670;401
2519;2073;399
2520;1753;499
2521;2112;317
2522;1736;714
2523;1688;223
2524;1939;470
2525;1747;210
2526;1938;512
2527;2132;649
2528;2032;698
2529;2051;687
2530;1745;258
2531;1762;609
2532;1674;740
2533;2133;662
2534;1784;232
2535;1675;686
2536;1797;441
2537;1686;475
2538;2093;146
2539;1678;817
2540;1737;283
2541;1773;683
2542;2135;173
2543;2018;508
2544;1995;404
2545;2014;453
2546;2080;335
2547;1961;543
2548;1950;806
2549;1691;801
2550;1793;405
2551;1955;465
2552;2047;614
2553;1756;169
2554;2000;390
2555;2085;235
2556;2130;593
2557;1835;726
2558;2006;287
2559;1707;745
2560;1855;818
2561;1752;205
2562;2070;243
2563;2007;411
2564;2120;728
2565;2094;549
2566;1799;422
2567;1820;732
2568;1697;349
2569;1783;672
2570;1798;602
2571;1742;351
2572;1744;781
2573;2125;560
2574;1764;570
2575;1682;200
2576;1996;284
2577;1791;674
2578;2119;219
2579;2024;372
2580;1870;501
2581;1772;591
2582;1795;268
2583;1673;670
2584;2002;768
2585;2027;433
2586;1743;346
2587;1760;220
2588;1774;585
2589;2039;155
2590;1754;191
2591;2126;172
2592;1805;791
2593;2040;509
2594;1820;430
2595;1792;409
2596;1684;670
2597;1693;357
2598;1940;733
2599;1997;497
2600;1736;721
2601;1958;439
2602;2118;173
2603;2174;177
2604;2005;384
2605;1996;426
2606;1741;386
2607;1955;808
2608;1796;634
2609;1797;410
2610;1672;401
2611;2127;226
2612;1752;330
2613;1780;735
2614;1705;545
2615;1893;496
2616;1735;819
2617;1793;454
2618;1962;423
2619;1748;370
2620;1733;787
2621;1786;398
2622;1888;479
2623;1678;540
2624;1702;431
2625;2026;178
2626;1709;584
2627;1788;378
2628;1720;460
2629;1742;618
2630;2088;238
2631;2067;756
2632;1726;191
2633;2141;239
2634;2009;587
2635;2002;448
2636;1715;547
2637;1963;392
2638;1794;288
2639;2013;561
2640;1688;292
2641;1685;484
2642;1679;314
2643;2081;575
2644;1929;802
2645;1946;452
2646;1999;449
2647;2034;712
2648;1724;195
2649;1699;225
2650;1751;250
2651;1727;684
2652;2083;179
2653;1713;778
2654;1944;476
2655;1834;501
2656;1983;275
2657;1743;150
2658;1905;505
2659;2010;567
2660;1719;217
2661;1695;579
2662;2038;585
2663;2093;182
2664;1986;339
2665;1988;715
2666;1721;221
2667;1836;508
2668;1762;344
2669;1967;770
2670;2117;236
2671;1920;759
2672;2031;557
2673;1706;260
2674;2016;674
2675;1697;367
2676;1700;548
2677;2072;285
2678;1775;416
2679;1694;240
2680;1668;657
2681;1809;520
2682;2111;148
2683;1776;442
2684;2036;801
2685;1799;614
2686;1830;745
2687;1885;428
2688;1711;151
2689;1790;481
2690;2041;263
2691;1795;372
2692;2007;695
2693;1873;765
2694;1673;788
2695;2039;432
2696;1916;412
2697;1808;758
2698;1785;591
2699;2065;572
2700;1756;413
2701;1828;761
2702;2097;274
2703;1674;491
2704;2073;206
2705;1786;342
2706;1679;540
2707;2109;147
2708;1749;261
2709;1730;366
2710;1978;561
2711;2115;710
2712;2097;522
2713;2102;581
2714;2121;557
2715;2039;259
2716;2059;349
2717;1666;412
2718;1776;444
2719;1783;696
2720;2147;188
2721;1746;697
2722;1977;340
2723;2080;531
2724;1781;685
2725;1747;258
2726;1671;684
2727;2091;688
2728;1717;325
2729;2066;224
2730;1722;229
2731;2123;269
2732;2027;744
2733;1732;135
2734;1947;463
2735;1806;740
2736;2037;241
2737;1741;181
2738;1804;669
2739;1860;524
2740;1962;779
2741;1750;399
2742;1708;655
2743;2128;208
2744;1745;665
2745;2152;167
2746;2040;630
2747;2103;313
2748;1754;350
2749;1948;367
2750;2105;286
2751;1793;180
2752;2004;322
2753;1756;643
2754;1739;706
2755;1972;488
2756;1796;196
2757;1770;634
2758;1960;737
2759;1714;421
2760;2139;201
2761;1669;348
2762;1687;440
2763;2051;590
2764;1991;555
2765;2079;700
2766;1733;690
2767;1986;370
2768;2020;798
2769;1692;487
2770;2002;507
2771;2044;612
2772;2149;205
2773;2017;771
2774;2090;558
2775;2112;646
2776;1705;827
2777;1811;452
2778;2083;505
2779;2070;272
2780;1941;521
2781;2030;312
2782;1984;480
2783;2082;625
2784;2127;606
2785;1952;533
2786;1878;789
2787;2075;549
2788;2060;234
2789;1988;761
2790;1693;381
2791;2092;225
2792;2031;756
2793;1771;238
2794;2035;687
2795;1799;782
2796;2096;511
2797;2018;274
2798;1726;368
2799;1738;430
2800;2000;232
2801;1803;279
2802;1954;768
2803;1699;514
2804;2076;717
2805;1734;206
2806;2064;680
2807;1964;766
2808;1979;392
2809;1673;461
2810;1700;315
2811;1896;813
2812;1805;289
2813;1831;506
2814;1908;728
2815;1779;175
2816;2078;689
2817;1694;492
2818;1780;150
2819;1995;773
2820;2058;585
2821;1683;792
2822;2084;291
2823;1933;464
2824;1959;731
2825;1788;395
2826;1797;441
2827;1752;811
2828;2071;546
2829;1801;502
2830;1999;477
2831;2036;265
2832;1968;548
2833;1944;510
2834;2789;376
2835;2900;539
2836;2512;166
2837;2779;198
2838;2772;748
2839;2634;781
2840;2765;688
2841;2739;274
2842;2374;716
2843;2378;408
2844;2367;312
2845;2593;793
2846;2783;751
2847;2628;251
2848;2793;350
2849;2406;171
2850;2640;213
2851;2823;349
2852;2777;626
2853;2547;790
2854;2664;710
2855;2562;189
2856;2827;348
2857;2781;337
2858;2597;211
2859;2468;188
2860;2617;806
2861;2639;782
2862;2830;665
2863;2395;272
2864;2524;817
2865;2358;508
2866;2780;293
2867;2371;143
2868;2756;681
2869;2464;532
2870;2510;815
2871;2337;691
2872;2761;240
2873;2731;745
2874;2388;147
2875;2828;356
2876;2542;157
2877;2457;514
2878;2743;609
2879;2683;794
2880;2760;743
2881;2671;174
2882;2436;381
2883;2385;667
2884;2840;571
2885;2380;810
2886;2522;202
2887;2484;772
2888;2835;630
2889;2364;331
2890;2458;467
2891;2470;746
2892;2556;761
2893;2868;421
2894;2715;284
2895;2356;657
2896;2782;677
2897;2889;477
2898;2646;187
2899;2867;587
2900;2846;433
2901;2638;732
2902;2864;492
2903;2728;704
2904;2434;780
2905;2425;742
2906;2720;708
2907;2621;808
2908;2365;572
2909;2493;778
2910;2423;209
2911;2447;483
2912;2448;590
2913;2853;696
2914;2755;417
2915;2420;497
2916;2397;449
2917;2692;755
2918;2822;309
2919;2377;268
2920;2844;706
2921;2837;411
2922;2704;671
2923;2753;221
2924;2392;727
2925;2454;403
2926;2752;294
2927;2656;783
2928;2490;733
2929;2750;302
2930;2347;493
2931;2419;372
2932;2352;819
2933;2452;162
2934;2349;342
2935;2376;253
2936;2481;820
2937;2811;560
2938;2895;446
2939;2842;392
2940;2785;416
2941;2438;569
2942;2446;753
2943;2430;476
2944;2796;474
2945;2825;306
2946;2869;578
2947;2622;246
2948;2474;185
2949;2629;230
2950;2890;597
2951;2722;200
2952;2788;723
2953;2876;387
2954;2421;347
2955;2363;338
2956;2748;702
2957;2343;785
2958;2879;429
2959;2426;409
2960;2740;765
2961;2665;237
2962;2335;183
2963;2729;297
2964;2441;310
2965;2492;740
2966;2544;750
2967;2762;535
2968;2396;281
2969;2728;262
2970;2889;373
2971;2425;793
2972;2710;305
2973;2704;229
2974;2433;689
2975;2683;211
2976;2825;456
2977;2454;506
2978;2340;323
2979;2372;735
2980;2394;795
2981;2863;645
2982;2342;167
2983;2855;687
2984;2774;683
2985;2823;401
2986;2814;467
2987;2860;615
2988;2392;549
2989;2838;668
2990;2687;281
2991;2882;553
2992;2449;463
2993;2403;504
2994;2331;703
2995;2465;632
2996;2769;280
2997;2334;776
2998;2808;327
2999;2406;170
3000;2877;365
3001;2432;729
3002;2358;340
3003;2582;815
3004;2419;779
3005;2563;730
3006;2600;763
3007;2413;274
3008;2371;817
3009;2842;605
3010;2460;607
3011;2834;284
3012;2775;414
3013;2359;428
3014;2747;371
3015;2870;570
3016;2800;561
3017;2455;573
3018;2525;787
3019;2841;432
3020;2501;175
3021;2478;218
3022;2349;408
3023;2400;746
3024;2811;353
3025;2382;176
3026;2610;247
3027;2726;680
3028;2477;166
3029;2363;358
3030;2762;783
3031;2333;350
3032;2375;711
3033;2579;164
3034;2666;698
3035;2781;732
3036;2381;543
3037;2693;690
3038;2770;278
3039;2793;312
3040;2608;796
3041;2662;245
3042;2453;630
3043;2554;802
3044;2878;637
3045;2787;760
3046;2365;686
3047;2335;572
3048;2393;693
3049;2368;509
3050;2504;178
3051;2421;433
3052;2428;440
3053;2750;241
3054;2776;287
3055;2740;640
3056;2832;588
3057;2721;177
3058;2739;666
3059;2369;210
3060;2397;466
3061;2777;306
3062;2347;614
3063;2780;768
3064;2830;359
3065;2735;635
3066;2605;148
3067;2385;803
3068;2791;459
3069;2450;521
3070;2461;224
3071;2646;749
3072;2854;430
3073;2345;292
3074;2527;232
3075;2451;260
3076;2813;557
3077;2440;183
3078;2424;249
3079;2523;219
3080;2785;460
3081;2571;194
3082;2556;749
3083;2724;675
3084;2739;190
3085;2784;248
3086;2837;276
3087;2367;582
3088;2736;753
3089;2432;291
3090;2768;381
3091;2352;447
3092;2387;562
3093;2801;567
3094;2441;171
3095;2658;732
3096;2648;147
3097;2874;612
3098;2361;408
3099;2845;430
3100;2401;797
3101;2776;290
3102;2586;195
3103;2388;234
3104;2787;683
3105;2819;418
3106;2368;141
3107;2330;619
3108;2773;397
3109;2728;182
3110;2846;393
3111;2412;211
3112;2459;806
3113;2415;328
3114;2331;707
3115;2647;804
3116;2340;456
3117;2405;782
3118;2458;368
3119;2587;820
3120;2451;415
3121;2350;222
3122;2333;232
3123;2732;636
3124;2414;495
3125;2559;228
3126;2396;623
3127;2341;712
3128;2816;508
3129;2696;781
3130;2733;191
3131;2595;168
3132;2378;776
3133;2843;688
3134;2863;483
3135;2531;785
3136;2798;236
3137;2526;152
3138;2437;733
3139;2500;173
3140;2831;565
3141;2421;471
3142;2661;793
3143;2565;181
3144;2828;632
3145;2581;164
3146;2398;439
3147;2763;769
3148;2334;610
3149;2574;202
3150;2390;354
3151;2729;314
3152;2422;454
3153;2693;676
3154;2392;680
3155;2835;579
3156;2397;296
3157;2702;170
3158;2463;327
3159;2408;434
3160;2433;717
3161;2360;258
3162;2823;678
3163;2858;525
3164;2448;614
3165;2592;233
3166;2760;262
3167;2570;151
3168;2746;271
3169;2419;553
3170;2683;267
3171;2706;746
3172;2603;809
3173;2342;539
3174;2567;748
3175;2382;719
3176;2704;224
3177;2747;280
3178;2534;218
3179;2343;460
3180;2509;747
3181;2868;566
3182;2850;428
3183;2641;766
3184;2744;645
3185;2869;451
3186;2753;192
3187;2511;808
3188;2721;261
3189;2848;424
3190;2756;407
3191;2359;376
3192;2750;664
3193;2477;240
3194;2423;399
3195;2873;316
3196;2478;195
3197;2406;787
3198;2397;815
3199;2818;664
3200;2330;705
3201;2372;181
3202;2342;682
3203;2872;614
3204;2663;186
3205;2870;323
3206;2761;308
3207;2589;183
3208;2467;781
3209;2459;689
3210;2515;232
3211;2504;810
3212;2881;523
3213;2615;762
3214;2763;754
3215;2863;422
3216;2791;612
3217;2706;218
3218;2448;271
3219;2657;227
3220;2373;667
3221;2408;141
3222;2867;467
3223;2758;363
3224;2464;806
3225;2787;688
3226;2549;725
3227;2351;608
3228;2398;596
3229;2357;511
3230;2462;613
3231;2865;518
3232;2780;718
3233;2450;591
3234;2350;672
3235;2757;437
3236;2370;139
3237;2815;686
3238;2384;342
3239;2375;402
3240;2420;652
3241;2785;257
3242;2500;140
3243;2745;790
3244;2540;828
3245;2374;278
3246;2774;266
3247;2642;160
3248;2463;355
3249;2461;552
3250;2486;174
3251;2779;453
3252;2393;748
3253;2421;263
3254;2428;337
3255;2860;468
3256;2335;156
3257;2403;503
3258;2852;633
3259;2418;143
3260;2523;803
3261;2407;261
3262;2605;772
3263;2569;755
3264;2651;206
3265;2697;677
3266;2808;381
3267;2754;749
3268;2507;733
3269;2365;391
3270;2466;731
3271;2404;179
3272;2602;241
3273;2614;726
3274;2416;255
3275;2513;214
3276;2637;785
3277;2358;589
3278;2361;663
3279;2338;804
3280;2394;298
3281;2829;640
3282;2336;333
3283;2689;224
3284;2830;328
3285;2414;546
3286;2362;639
3287;2861;634
3288;2733;669
3289;2704;691
3290;2367;684
3291;2356;436
3292;2698;714
3293;2341;303
3294;2567;724
3295;2836;283
3296;2490;165
3297;2722;662
3298;2889;556
3299;2878;396
3300;2447;279
3301;2386;829
3302;2816;290
3303;2608;735
3304;2582;793
3305;2419;461
3306;2417;203
3307;2485;818
3308;2431;426
3309;2893;497
3310;2618;786
3311;2392;313
3312;2468;146
3313;2700;259
3314;2399;445
3315;2637;724
3316;2805;750
3317;2338;187
3318;2820;596
3319;2612;812
3320;2872;562
3321;2476;775
3322;2471;755
3323;2382;566
3324;2365;294
3325;2458;148
3326;2769;725
3327;2556;230
3328;2750;623
3329;2408;752
3330;2449;515
3331;2721;696
3332;2809;452
3333;2362;539
3334;2650;170
3335;2772;735
3336;2775;731
3337;2425;373
3338;2611;234
3339;2661;191
3340;2585;762
3341;2691;802
3342;2399;720
3343;2426;606
3344;2686;714
3345;2799;404
3346;2417;394
3347;2848;400
3348;2360;668
3349;2391;688
3350;2765;224
3351;2576;813
3352;2645;729
3353;2334;612
3354;2437;396
3355;2751;669
3356;2410;829
3357;2430;319
3358;2332;188
3359;2806;444
3360;2892;495
3361;2813;273
3362;2342;790
3363;2863;391
3364;2736;657
3365;2878;568
3366;2644;263
3367;2402;737
3368;2801;542
3369;2557;722
3370;2603;732
3371;2746;289
3372;2378;412
3373;2774;633
3374;2714;264
3375;2893;483
3376;2599;164
3377;2349;772
3378;2497;243
3379;2680;284
3380;2767;622
3381;2428;437
3382;2464;411
3383;2578;820
3384;2850;427
3385;2384;667
3386;2414;434
3387;2348;365
3388;2435;789
3389;2367;221
3390;2761;486
3391;2759;661
3392;2494;139
3393;2355;281
3394;2621;748
3395;2897;561
3396;2835;459
3397;2415;369
3398;2770;468
3399;2628;226
3400;2364;783
3401;2393;271
3402;2487;810
3403;2862;401
3404;2841;654
3405;2571;141
3406;2810;478
3407;2712;291
3408;2344;184
3409;2620;809
3410;2372;658
3411;2452;677
3412;2395;698
3413;2845;608
3414;2660;758
3415;2361;804
3416;2354;759
3417;2407;347
3418;2726;268
3419;2537;176
3420;2461;448
3421;2615;718
3422;2524;830
3423;2558;743
3424;2884;479
3425;2812;648
3426;2401;583
3427;2609;145
3428;2329;521
3429;2771;751
3430;2371;579
3431;2591;237
3432;2729;774
3433;2776;500
3434;2785;344
3435;2351;354
3436;2815;401
3437;2878;337
3438;2720;291
3439;2394;821
3440;2790;478
3441;2517;820
3442;2426;669
3443;2401;787
3444;2593;728
3445;2473;758
3446;2422;160
3447;2405;323
3448;2825;486
3449;2408;624
3450;2392;390
3451;2400;457
3452;2391;148
3453;2843;370
3454;2382;369
3455;2653;194
3456;2355;402
3457;2427;538
3458;2393;666
3459;2416;535
3460;2387;652
3461;2359;676
3462;2742;213
3463;2733;277
3464;2338;368
3465;2767;550
3466;2846;611
3467;2891;414
3468;2765;481
3469;2660;232
3470;2874;462
3471;2402;288
3472;2353;610
3473;2719;734
3474;2330;796
3475;2648;247
3476;2779;417
3477;2634;735
3478;2505;725
3479;2413;604
3480;2817;657
3481;2334;210
3482;2441;692
3483;2435;584
3484;2537;783
3485;2466;246
3486;2594;142
3487;2386;571
3488;2640;763
3489;2333;181
3490;2816;455
3491;2370;387
3492;2456;781
3493;2710;293
3494;2357;202
3495;2756;759
3496;2366;815
3497;2786;362
3498;2484;827
3499;2576;812
3500;2468;233
3501;2365;450
3502;2775;509
3503;2793;385
3504;2436;384
3505;2631;791
3506;2467;215
3507;2861;295
3508;2718;789
3509;2797;214
3510;2346;171
3511;2385;341
3512;2421;219
3513;2449;828
3514;2399;249
3515;2429;372
3516;2740;269
3517;2428;441
3518;2820;573
3519;2777;661
3520;2590;146
3521;2809;313
3522;2368;778
3523;2588;825
3524;2863;324
3525;2369;406
3526;2811;453
3527;2460;632
3528;2734;198
3529;2454;253
3530;2845;708
3531;2821;523
3532;2896;433
3533;2564;192
3534;2362;737
3535;2892;405
3536;2347;777
3537;2379;161
3538;2452;557
3539;2431;793
3540;2745;248
3541;2442;782
3542;2716;749
3543;2363;317
3544;2828;707
3545;2453;691
3546;2724;230
3547;2452;750
3548;2407;662
3549;2369;414
3550;2397;665
3551;2365;678
3552;2457;321
3553;2383;248
3554;2402;548
3555;2340;755
3556;2615;801
3557;2849;624
3558;2559;739
3559;2381;356
3560;2408;529
3561;2882;449
3562;2346;392
3563;2424;664
3564;2741;689
3565;2389;347
3566;2629;154
3567;2791;715
3568;2348;487
3569;2847;493
3570;2450;403
3571;2356;394
3572;2720;313
3573;2772;360
3574;2493;214
3575;2667;760
3576;2819;504
3577;2507;773
3578;2334;629
3579;2435;480
3580;2880;512
3581;2750;283
3582;2329;238
3583;2775;415
3584;2420;215
3585;2339;471
3586;2484;185
3587;2608;180
3588;2728;171
3589;2804;290
3590;2621;155
3591;2405;476
3592;2513;805
3593;2839;409
3594;2441;258
3595;2818;590
3596;2391;249
3597;2891;575
3598;2886;619
3599;2821;601
3600;2335;416
3601;2460;293
3602;2390;348
3603;2687;229
3604;2776;673
3605;2344;603
3606;2574;778
3607;2382;558
3608;2825;265
3609;2805;593
3610;2695;704
3611;2418;688
3612;2375;444
3613;2757;407
3614;2434;182
3615;2647;777
3616;2351;746
3617;2512;780
3618;2673;173
3619;2721;772
3620;2790;247
3621;2670;216
3622;2525;164
3623;2552;782
3624;2482;197
3625;2433;714
3626;2800;362
3627;2453;528
3628;2766;267
3629;2814;448
3630;2401;226
3631;2439;160
3632;2429;706
3633;2423;385
3634;2380;676
3635;2887;572
3636;2862;681
3637;2386;282
3638;2837;266
3639;2394;217
3640;2762;383
3641;2713;310
3642;2451;405
3643;2384;811
3644;2812;438
3645;2593;747
3646;2799;252
3647;2652;232
3648;2646;792
3649;2361;220
3650;2331;592
3651;2454;261
3652;2393;483
3653;2362;168
3654;2376;586
3655;2440;205
3656;2463;177
3657;2697;200
3658;2884;618
3659;2444;386
3660;2330;423
3661;2723;686
3662;2366;140
3663;2636;218
3664;2445;643
3665;2360;595
3666;2544;174
3667;2478;743
3668;2899;563
3669;2411;425
3670;2863;603
3671;2427;231
3672;2332;432
3673;2334;557
3674;2795;326
3675;2415;587
3676;2588;227
3677;2738;246
3678;2348;198
3679;2811;286
3680;2623;149
3681;2809;261
3682;2428;524
3683;2387;678
3684;2541;727
3685;2412;816
3686;2549;766
3687;2708;778
3688;2403;613
3689;2760;189
3690;2772;203
3691;2377;414
3692;2337;735
3693;2784;646
3694;2709;798
3695;2698;290
3696;2347;518
3697;2840;706
3698;2826;459
3699;2419;148
3700;2399;810
3701;2362;803
3702;2846;271
3703;2664;269
3704;2829;724
3705;2354;228
3706;2836;536
3707;2799;434
3708;2803;595
3709;2429;150
3710;2329;563
3711;2353;503
3712;2345;194
3713;2432;725
3714;2764;461
3715;2370;401
3716;2850;382
3717;2773;399
3718;2351;213
3719;2453;499
3720;2364;755
3721;2350;247
3722;2812;317
3723;2622;255
3724;2886;511
3725;2436;714
3726;2388;223
3727;2447;210
3728;2832;649
3729;2355;529
3730;2732;698
3731;2845;426
3732;2352;417
3733;2751;687
3734;2445;258
3735;2462;609
3736;2374;740
3737;2833;662
3738;2484;232
3739;2375;686
3740;2386;475
3741;2378;817
3742;2437;283
3743;2780;335
3744;2650;806
3745;2391;801
3746;2767;478
3747;2747;614
3748;2456;169
3749;2785;235
3750;2830;593
3751;2535;726
3752;2335;556
3753;2837;718
3754;2706;287
3755;2407;745
3756;2555;818
3757;2880;615
3758;2839;547
3759;2452;205
3760;2770;243
3761;2820;728
3762;2579;147
3763;2794;549
3764;2520;732
3765;2397;349
3766;2344;809
3767;2442;351
3768;2816;463
3769;2444;781
3770;2825;560
3771;2464;570
3772;2331;751
3773;2382;200
3774;2696;284
3775;2791;424
3776;2373;670
3777;2597;141
3778;2357;397
3779;2702;768
3780;2443;346
3781;2460;220
3782;2358;741
3783;2454;191
3784;2361;625
3785;2346;510
3786;2505;791
3787;2637;183
3788;2384;670
3789;2393;357
3790;2351;327
3791;2640;733
3792;2436;721
3793;2844;355
3794;2441;386
3795;2768;485
3796;2655;808
3797;2857;602
3798;2865;586
3799;2331;631
3800;2372;401
3801;2452;330
3802;2480;735
3803;2405;545
3804;2435;819
3805;2448;370
3806;2433;787
3807;2329;470
3808;2378;540
3809;2402;431
3810;2726;178
3811;2409;584
3812;2420;460
3813;2442;618
3814;2617;246
3815;2788;238
3816;2767;756
3817;2426;191
3818;2867;608
3819;2415;547
3820;2388;292
3821;2904;494
3822;2339;747
3823;2385;484
3824;2379;314
3825;2781;575
3826;2843;562
3827;2629;802
3828;2357;383
3829;2579;220
3830;2335;655
3831;2734;712
3832;2377;821
3833;2424;195
3834;2840;473
3835;2527;198
3836;2399;225
3837;2451;250
3838;2427;684
3839;2846;571
3840;2413;778
3841;2345;464
3842;2812;333
3843;2683;275
3844;2443;150
3845;2419;217
3846;2395;579
3847;2688;715
3848;2421;221
3849;2462;344
3850;2667;770
3851;2817;236
3852;2620;759
3853;2406;260
3854;2858;495
3855;2716;674
3856;2533;163
3857;2365;751
3858;2545;245
3859;2397;367
3860;2400;548
3861;2808;360
3862;2894;533
3863;2772;285
3864;2394;240
3865;2368;657
3866;2358;529
3867;2530;745
3868;2411;151
3869;2597;169
3870;2558;141
3871;2676;281
3872;2659;209
3873;2741;263
3874;2707;695
3875;2573;765
3876;2373;788
3877;2343;415
3878;2643;204
3879;2508;758
3880;2807;366
3881;2589;208
3882;2765;572
3883;2842;293
3884;2510;212
3885;2456;413
3886;2528;761
3887;2649;192
3888;2797;274
3889;2374;491
3890;2773;206
3891;2364;618
3892;2781;431
3893;2871;393
3894;2332;528
3895;2379;540
3896;2359;719
3897;2449;261
3898;2430;366
3899;2556;210
3900;2861;336
3901;2815;710
3902;2797;522
3903;2802;581
3904;2576;187
3905;2821;557
3906;2739;259
3907;2334;297
3908;2759;349
3909;2366;412
3910;2446;697
3911;2599;212
3912;2780;531
3913;2875;569
3914;2447;258
3915;2371;684
3916;2791;688
3917;2417;325
3918;2671;193
3919;2766;224
3920;2422;229
3921;2823;269
3922;2727;744
3923;2814;389
3924;2586;144
3925;2630;174
3926;2506;740
3927;2893;551
3928;2737;241
3929;2441;181
3930;2895;410
3931;2662;779
3932;2450;399
3933;2408;655
3934;2762;434
3935;2445;665
3936;2740;630
3937;2803;313
3938;2454;350
3939;2805;286
3940;2493;180
3941;2341;437
3942;2456;643
3943;2439;706
3944;2496;196
3945;2342;166
3946;2660;737
3947;2890;472
3948;2414;421
3949;2369;348
3950;2387;440
3951;2864;674
3952;2866;607
3953;2751;590
3954;2532;242
3955;2348;746
3956;2779;700
3957;2433;690
3958;2720;798
3959;2392;487
3960;2564;171
3961;2744;612
3962;2717;771
3963;2790;558
3964;2812;646
3965;2405;827
3966;2783;505
3967;2770;272
3968;2639;158
3969;2858;361
3970;2730;312
3971;2518;165
3972;2782;625
3973;2827;606
3974;2578;789
3975;2775;549
3976;2585;159
3977;2760;234
3978;2688;761
3979;2393;381
3980;2365;550
3981;2792;225
3982;2731;756
3983;2471;238
3984;2735;687
3985;2499;782
3986;2796;511
3987;2718;274
3988;2696;226
3989;2426;368
3990;2438;430
3991;2663;243
3992;2700;232
3993;2846;466
3994;2654;768
3995;2399;514
3996;2776;717
3997;2434;206
3998;2764;680
3999;2347;718
4000;2664;766
4001;2874;450
4002;2373;461
4003;2358;795
4004;2400;315
4005;2360;209
4006;2596;813
4007;2330;720
4008;2898;518
4009;2608;728
4010;2479;175
4011;2778;689
4012;2394;492
4013;2589;200
4014;2480;150
4015;2695;773
4016;2758;585
4017;2383;792
4018;2784;291
4019;2659;731
4020;2901;442
4021;2658;203
4022;2452;811
4023;2771;546
4024;2736;265
4025;3489;376
4026;3173;549
4027;3212;166
4028;3472;748
4029;3334;781
4030;3296;561
4031;3465;688
4032;3439;274
4033;3293;793
4034;3483;751
4035;3203;525
4036;3424;444
4037;3493;350
4038;3394;512
4039;3106;171
4040;3340;213
4041;3230;553
4042;3523;349
4043;3484;779
4044;3247;790
4045;3263;500
4046;3262;189
4047;3279;457
4048;3481;337
4049;3297;211
4050;3168;188
4051;3317;806
4052;3339;782
4053;3095;272
4054;3252;516
4055;3224;817
4056;3480;293
4057;3164;532
4058;3389;413
4059;3210;815
4060;3461;240
4061;3431;745
4062;3391;404
4063;3242;157
4064;3157;514
4065;3383;794
4066;3460;743
4067;3371;174
4068;3222;202
4069;3184;772
4070;3355;509
4071;3170;746
4072;3363;437
4073;3256;761
4074;3381;507
4075;3415;284
4076;3346;187
4077;3409;465
4078;3125;742
4079;3321;808
4080;3193;778
4081;3123;209
4082;3148;590
4083;3455;417
4084;3392;755
4085;3522;309
4086;3077;268
4087;3245;606
4088;3325;534
4089;3403;472
4090;3453;221
4091;3452;294
4092;3356;783
4093;3190;733
4094;3450;302
4095;3362;379
4096;3201;136
4097;3152;162
4098;3076;253
4099;3485;416
4100;3138;569
4101;3171;600
4102;3146;753
4103;3204;488
4104;3174;185
4105;3329;230
4106;3422;200
4107;3448;702
4108;3440;765
4109;3365;237
4110;3429;297
4111;3192;740
4112;3417;397
4113;3244;750
4114;3386;388
4115;3096;281
4116;3428;262
4117;3410;305
4118;3404;229
4119;3133;689
4120;3376;356
4121;3383;211
4122;3154;506
4123;3301;830
4124;3309;457
4125;3245;567
4126;3396;402
4127;3387;281
4128;3165;632
4129;3469;280
4130;3508;327
4131;3106;170
4132;3246;550
4133;3132;729
4134;3282;815
4135;3263;730
4136;3300;763
4137;3113;274
4138;3160;607
4139;3174;539
4140;3210;721
4141;3475;414
4142;3447;371
4143;3297;434
4144;3155;573
4145;3225;787
4146;3354;477
4147;3201;175
4148;3178;218
4149;3221;694
4150;3172;551
4151;3511;353
4152;3180;526
4153;3177;166
4154;3431;370
4155;3462;783
4156;3279;164
4157;3481;732
4158;3363;487
4159;3470;278
4160;3179;559
4161;3493;312
4162;3308;796
4163;3362;245
4164;3153;630
4165;3254;802
4166;3197;580
4167;3341;476
4168;3093;693
4169;3204;178
4170;3170;555
4171;3450;241
4172;3476;287
4173;3421;177
4174;3477;306
4175;3480;768
4176;3375;478
4177;3305;148
4178;3457;490
4179;3247;558
4180;3150;521
4181;3187;507
4182;3161;224
4183;3346;749
4184;3227;232
4185;3151;260
4186;3140;183
4187;3217;709
4188;3124;249
4189;3223;219
4190;3485;460
4191;3390;508
4192;3271;194
4193;3256;749
4194;3397;484
4195;3439;190
4196;3484;248
4197;3221;548
4198;3427;504
4199;3227;572
4200;3345;543
4201;3436;753
4202;3194;662
4203;3411;401
4204;3468;381
4205;3141;171
4206;3352;511
4207;3358;732
4208;3348;147
4209;3313;432
4210;3476;290
4211;3286;195
4212;3088;234
4213;3473;397
4214;3428;182
4215;3112;211
4216;3347;804
4217;3326;527
4218;3287;820
4219;3259;228
4220;3279;533
4221;3096;623
4222;3396;781
4223;3433;191
4224;3295;168
4225;3196;628
4226;3220;520
4227;3363;138
4228;3231;785
4229;3423;406
4230;3498;236
4231;3226;152
4232;3137;733
4233;3200;173
4234;3361;793
4235;3265;181
4236;3189;643
4237;3261;493
4238;3281;164
4239;3266;585
4240;3170;641
4241;3463;769
4242;3274;202
4243;3429;314
4244;3092;680
4245;3178;657
4246;3402;170
4247;3392;522
4248;3172;651
4249;3309;458
4250;3133;717
4251;3262;575
4252;3148;614
4253;3292;233
4254;3460;262
4255;3270;151
4256;3435;431
4257;3446;271
4258;3119;553
4259;3383;267
4260;3406;746
4261;3282;485
4262;3303;809
4263;3267;748
4264;3380;479
4265;3404;224
4266;3290;441
4267;3447;280
4268;3234;218
4269;3183;591
4270;3422;344
4271;3209;747
4272;3204;598
4273;3341;766
4274;3453;192
4275;3211;808
4276;3421;261
4277;3456;407
4278;3177;240
4279;3178;195
4280;3418;412
4281;3184;553
4282;3363;186
4283;3461;308
4284;3289;183
4285;3167;781
4286;3284;576
4287;3159;689
4288;3215;232
4289;3204;810
4290;3315;762
4291;3463;754
4292;3256;525
4293;3429;801
4294;3406;218
4295;3379;520
4296;3442;490
4297;3357;227
4298;3341;487
4299;3411;472
4300;3458;363
4301;3327;528
4302;3202;557
4303;3249;725
4304;3098;596
4305;3162;613
4306;3338;501
4307;3416;398
4308;3480;718
4309;3150;591
4310;3191;665
4311;3457;437
4312;3120;652
4313;3374;444
4314;3485;257
4315;3332;479
4316;3176;561
4317;3200;140
4318;3194;478
4319;3193;473
4320;3445;790
4321;3240;828
4322;3474;266
4323;3183;477
4324;3342;160
4325;3292;129
4326;3161;552
4327;3186;174
4328;3479;453
4329;3121;263
4330;3298;567
4331;3223;803
4332;3107;261
4333;3305;772
4334;3269;755
4335;3351;206
4336;3508;381
4337;3454;749
4338;3212;605
4339;3207;733
4340;3166;731
4341;3253;531
4342;3104;179
4343;3201;537
4344;3279;505
4345;3116;255
4346;3213;214
4347;3337;785
4348;3408;419
4349;3389;224
4350;3114;546
4351;3206;582
4352;3203;563
4353;3267;724
4354;3190;165
4355;3169;592
4356;3516;290
4357;3308;735
4358;3282;793
4359;3117;203
4360;3350;831
4361;3318;786
4362;3438;449
4363;3168;146
4364;3400;259
4365;3444;803
4366;3392;526
4367;3312;812
4368;3176;775
4369;3171;755
4370;3175;582
4371;3158;148
4372;3469;725
4373;3256;230
4374;3314;436
4375;3331;552
4376;3149;515
4377;3350;170
4378;3472;735
4379;3475;731
4380;3311;234
4381;3361;191
4382;3285;762
4383;3283;467
4384;3391;802
4385;3184;707
4386;3099;720
4387;3325;513
4388;3214;703
4389;3262;588
4390;3126;606
4391;3431;363
4392;3499;404
4393;3416;392
4394;3091;688
4395;3465;224
4396;3276;813
4397;3228;713
4398;3349;428
4399;3513;273
4400;3200;706
4401;3259;453
4402;3257;722
4403;3446;289
4404;3414;264
4405;3457;462
4406;3299;164
4407;3313;548
4408;3197;243
4409;3380;284
4410;3249;502
4411;3390;464
4412;3278;820
4413;3461;486
4414;3399;430
4415;3194;139
4416;3321;748
4417;3470;468
4418;3328;226
4419;3367;385
4420;3093;271
4421;3187;810
4422;3183;708
4423;3271;141
4424;3180;586
4425;3412;291
4426;3320;809
4427;3152;677
4428;3178;525
4429;3095;698
4430;3360;758
4431;3426;268
4432;3237;176
4433;3317;541
4434;3258;743
4435;3101;583
4436;3309;145
4437;3471;751
4438;3291;237
4439;3429;774
4440;3408;383
4441;3427;342
4442;3252;455
4443;3485;344
4444;3274;527
4445;3252;715
4446;3515;401
4447;3289;434
4448;3426;454
4449;3404;504
4450;3420;291
4451;3324;475
4452;3217;820
4453;3126;669
4454;3429;507
4455;3232;598
4456;3173;758
4457;3122;160
4458;3453;813
4459;3108;624
4460;3353;194
4461;3127;538
4462;3093;666
4463;3087;652
4464;3442;213
4465;3433;277
4466;3465;481
4467;3360;232
4468;3102;288
4469;3233;695
4470;3362;837
4471;3452;447
4472;3395;397
4473;3419;734
4474;3348;247
4475;3479;417
4476;3334;735
4477;3205;725
4478;3113;604
4479;3397;512
4480;3141;692
4481;3396;424
4482;3135;584
4483;3237;783
4484;3380;823
4485;3179;592
4486;3166;246
4487;3294;142
4488;3340;763
4489;3189;645
4490;3236;703
4491;3156;781
4492;3410;293
4493;3285;471
4494;3456;759
4495;3486;362
4496;3399;511
4497;3276;812
4498;3168;233
4499;3376;286
4500;3199;673
4501;3493;385
4502;3428;497
4503;3305;565
4504;3331;791
4505;3284;458
4506;3167;215
4507;3418;789
4508;3446;797
4509;3121;219
4510;3099;249
4511;3440;269
4512;3369;413
4513;3186;700
4514;3290;146
4515;3509;313
4516;3288;825
4517;3206;136
4518;3160;632
4519;3434;198
4520;3154;253
4521;3234;623
4522;3264;192
4523;3387;393
4524;3315;560
4525;3212;651
4526;3152;557
4527;3445;248
4528;3142;782
4529;3416;749
4530;3153;691
4531;3424;230
4532;3152;750
4533;3300;475
4534;3107;662
4535;3097;665
4536;3083;248
4537;3391;395
4538;3235;503
4539;3315;801
4540;3259;739
4541;3124;664
4542;3304;524
4543;3329;154
4544;3170;711
4545;3409;378
4546;3420;313
4547;3472;360
4548;3193;214
4549;3340;502
4550;3367;760
4551;3207;773
4552;3253;441
4553;3450;283
4554;3475;415
4555;3276;460
4556;3120;215
4557;3184;185
4558;3308;180
4559;3428;171
4560;3504;290
4561;3321;155
4562;3213;805
4563;3411;327
4564;3141;258
4565;3091;249
4566;3267;560
4567;3313;459
4568;3387;229
4569;3274;778
4570;3211;638
4571;3443;447
4572;3118;688
4573;3457;407
4574;3418;406
4575;3134;182
4576;3347;777
4577;3212;780
4578;3239;720
4579;3260;598
4580;3373;173
4581;3249;832
4582;3421;772
4583;3490;247
4584;3370;216
4585;3225;164
4586;3252;782
4587;3182;197
4588;3133;714
4589;3500;362
4590;3153;528
4591;3412;820
4592;3466;267
4593;3101;226
4594;3139;160
4595;3275;473
4596;3129;706
4597;3086;282
4598;3094;217
4599;3462;383
4600;3179;501
4601;3413;310
4602;3374;442
4603;3293;747
4604;3499;252
4605;3352;232
4606;3279;443
4607;3346;792
4608;3431;470
4609;3154;261
4610;3410;490
4611;3221;570
4612;3140;205
4613;3163;177
4614;3397;200
4615;3240;137
4616;3426;466
4617;3336;218
4618;3145;643
4619;3244;174
4620;3178;743
4621;3190;630
4622;3127;231
4623;3301;500
4624;3382;489
4625;3495;326
4626;3115;587
4627;3288;227
4628;3438;246
4629;3253;562
4630;3511;286
4631;3323;149
4632;3509;261
4633;3128;524
4634;3241;727
4635;3237;697
4636;3249;766
4637;3441;398
4638;3268;479
4639;3408;778
4640;3319;564
4641;3103;613
4642;3460;189
4643;3472;203
4644;3456;488
4645;3201;464
4646;3334;531
4647;3409;798
4648;3398;290
4649;3399;319
4650;3410;811
4651;3205;618
4652;3364;269
4653;3316;128
4654;3499;434
4655;3367;532
4656;3132;725
4657;3464;461
4658;3425;471
4659;3358;418
4660;3473;399
4661;3153;499
4662;3512;317
4663;3136;714
4664;3088;223
4665;3339;470
4666;3147;210
4667;3338;512
4668;3145;258
4669;3162;609
4670;3222;667
4671;3184;232
4672;3173;683
4673;3418;508
4674;3395;404
4675;3414;453
4676;3480;335
4677;3361;543
4678;3350;806
4679;3467;478
4680;3355;465
4681;3156;169
4682;3400;390
4683;3485;235
4684;3235;726
4685;3406;287
4686;3255;818
4687;3152;205
4688;3470;243
4689;3407;411
4690;3279;147
4691;3379;837
4692;3220;732
4693;3183;672
4694;3198;602
4695;3144;781
4696;3164;570
4697;3082;200
4698;3396;284
4699;3191;674
4700;3424;372
4701;3491;424
4702;3270;501
4703;3172;591
4704;3297;141
4705;3402;768
4706;3427;433
4707;3160;220
4708;3174;585
4709;3154;191
4710;3205;791
4711;3337;183
4712;3397;497
4713;3136;721
4714;3358;439
4715;3405;384
4716;3396;426
4717;3433;465
4718;3355;808
4719;3196;634
4720;3180;735
4721;3293;496
4722;3456;436
4723;3362;423
4724;3288;479
4725;3426;178
4726;3109;584
4727;3142;618
4728;3488;238
4729;3467;756
4730;3126;191
4731;3402;448
4732;3115;547
4733;3363;392
4734;3088;292
4735;3231;592
4736;3329;802
4737;3346;452
4738;3279;220
4739;3247;831
4740;3399;449
4741;3434;712
4742;3124;195
4743;3227;198
4744;3099;225
4745;3151;250
4746;3127;684
4747;3344;476
4748;3512;333
4749;3336;546
4750;3234;501
4751;3383;275
4752;3213;601
4753;3143;150
4754;3305;505
4755;3119;217
4756;3391;147
4757;3095;579
4758;3296;835
4759;3395;829
4760;3386;339
4761;3121;221
4762;3236;508
4763;3367;770
4764;3320;759
4765;3106;260
4766;3244;537
4767;3233;163
4768;3508;360
4769;3472;285
4770;3094;240
4771;3209;520
4772;3215;610
4773;3326;135
4774;3436;801
4775;3199;614
4776;3230;745
4777;3285;428
4778;3297;169
4779;3258;141
4780;3376;281
4781;3359;209
4782;3190;481
4783;3441;263
4784;3273;765
4785;3439;432
4786;3316;412
4787;3343;204
4788;3208;758
4789;3507;366
4790;3185;591
4791;3289;208
4792;3210;212
4793;3228;761
4794;3349;192
4795;3497;274
4796;3232;531
4797;3473;206
4798;3240;715
4799;3481;431
4800;3318;530
4801;3149;261
4802;3256;210
4803;3291;579
4804;3276;187
4805;3439;259
4806;3459;349
4807;3183;696
4808;3146;697
4809;3299;212
4810;3181;685
4811;3147;258
4812;3371;193
4813;3466;224
4814;3122;229
4815;3427;744
4816;3514;389
4817;3347;463
4818;3286;144
4819;3330;174
4820;3206;740
4821;3437;241
4822;3141;181
4823;3204;669
4824;3222;683
4825;3260;524
4826;3362;779
4827;3108;655
4828;3462;434
4829;3145;665
4830;3503;313
4831;3505;286
4832;3193;180
4833;3404;322
4834;3156;643
4835;3139;706
4836;3372;488
4837;3196;196
4838;3170;634
4839;3360;737
4840;3479;700
4841;3133;690
4842;3386;370
4843;3420;798
4844;3250;584
4845;3402;507
4846;3264;171
4847;3417;771
4848;3470;272
4849;3341;521
4850;3339;158
4851;3430;312
4852;3384;480
4853;3218;165
4854;3352;533
4855;3278;789
4856;3285;159
4857;3460;234
4858;3388;761
4859;3279;583
4860;3431;756
4861;3171;238
4862;3235;575
4863;3217;629
4864;3199;782
4865;3418;274
4866;3396;226
4867;3327;138
4868;3363;243
4869;3400;232
4870;3354;768
4871;3476;717
4872;3134;206
4873;3223;660
4874;3364;766
4875;3266;833
4876;3379;392
4877;3296;813
4878;3231;506
4879;3179;175
4880;3289;200
4881;3180;150
4882;3395;773
4883;3484;291
4884;3333;464
4885;3359;731
4886;3358;203
4887;3447;471
4888;3201;502
4889;3399;477
4890;3436;265
4891;3344;510
4892;12075;-27994
4893;-51503;-61119
4894;87166;-41220
4895;-9937;72503
4896;-30849;40504
4897;-62409;-10481
4898;-7020;-59926
4899;-51927;-64327
4900;-37494;79572
4901;33163;-12072
4902;18778;92392
4903;-42990;-41325
4904;17289;-21985
4905;-44969;-37655
4906;-63686;30685
4907;-4914;91390
4908;-23733;-67591
4909;-21964;48174
4910;25531;56602
4911;66413;-22223
4912;-72178;36351
4913;11151;-33294
4914;21273;33755
4915;81737;85691
4916;-63232;-14882
4917;51092;3697
4918;17586;-33664
4919;-59987;-14905
4920;36658;88885
4921;-29611;9834
4922;90905;71072
4923;-3385;-41792
4924;-22951;-1463
4925;-24666;-76039
4926;83113;-68688
4927;-63611;35715
4928;-532;92414
4929;-25598;18950
4930;18654;-5258
4931;-14005;-60705
4932;52743;-31593
4933;25099;36302
4934;64014;44332
4935;-2870;75055
4936;-19957;-49688
4937;39031;53618
4938;-11254;-7448
4939;70694;79637
4940;-70183;79753
4941;34672;13894
4942;-68457;79334
4943;29583;-49289
4944;57151;-64888
4945;82089;-624
4946;3448;-11069
4947;1145;-69235
4948;-53553;41170
4949;47599;-73364
4950;16763;60070
4951;-30874;1239
4952;28004;-47405
4953;-46375;-53316
4954;87389;78252
4955;-31810;-65671
4956;-13431;-42434
4957;-36368;75691
4958;-36629;59588
4959;-25112;-60584
4960;-62245;51163
4961;-11929;-757
4962;25046;-24562
4963;22170;84352
4964;30139;88320
4965;-9249;-19893
4966;-51746;-49518
4967;-6151;67767
4968;8538;-48330
4969;27149;64452
4970;68181;-24613
4971;-73592;3160
4972;-66357;-23806
4973;28540;28112
4974;74755;18218
4975;-46598;87
4976;32315;-42538
4977;91185;3069
4978;86118;23409
4979;-53784;88876
4980;87873;-39919
4981;74259;89391
4982;6318;-12114
4983;-6985;8563
4984;-38398;56823
4985;78699;15888
4986;-45471;-19614
4987;71780;47461
4988;-28854;-39353
4989;78940;69945
4990;-26120;-24927
4991;17389;80498
